<?xml version='1.0' encoding='UTF-8'?>
<weblogic-web-app xmlns="http://www.bea.com/ns/weblogic/weblogic-web-app"
                  xmlns:xsi="http://www.w3.org/2001/XMLSchema-instance"
                  xsi:schemaLocation="http://www.bea.com/ns/weblogic/weblogic-web-app http://www.bea.com/ns/weblogic/weblogic-web-app/1.0/weblogic-web-app.xsd">
    <context-root>sign-in-with-twitter</context-root>
    <container-descriptor>
        <prefer-web-inf-classes>true</prefer-web-inf-classes>
    </container-descriptor>
    <session-descriptor>
        <persistent-store-type>replicated_if_clustered</persistent-store-type>
    </session-descriptor>
</weblogic-web-app>